{"cameraMode":{"drawMode":0,"name":"Shaded","section":"Shading Mode"},"sceneLighting":false,"audioPlay":false,"sceneViewState":{"m_AlwaysRefresh":false,"showFog":true,"showSkybox":false,"showFlares":true,"showImageEffects":true,"showParticleSystems":true,"showVisualEffectGraphs":true,"m_FxEnabled":true},"in2DMode":false,"pivot":{"x":-0.009613603353500367,"y":2.7694053649902345,"z":-8.305349349975586},"rotation":{"x":-0.15820159018039704,"y":-0.8274434804916382,"z":0.28702041506767275,"w":-0.45601707696914675},"size":0.41973593831062319,"orthographic":false}