{"cameraMode":{"drawMode":0,"name":"Shaded","section":"Shading Mode"},"sceneLighting":true,"audioPlay":false,"sceneViewState":{"m_AlwaysRefresh":false,"showFog":true,"showSkybox":false,"showFlares":true,"showImageEffects":true,"showParticleSystems":true,"showVisualEffectGraphs":true,"m_FxEnabled":true},"in2DMode":false,"pivot":{"x":0.18998336791992188,"y":2.8500003814697267,"z":0.4501934051513672},"rotation":{"x":0.24107210338115693,"y":-0.21617646515369416,"z":0.055175382643938068,"w":0.944515585899353},"size":36.56745910644531,"orthographic":false}